{"name": ["Lending Tree", "all"], "children": [{"name": ["Auto", "Product Reporting"], "children": [{"name": ["Gaming Console", "Mobile Device Type"], "children": [{"name": ["not registered", "registered"], "size": "1", "type": "registered", "level": "3"}, {"name": ["registered", "registered"], "size": "9", "type": "registered", "level": "3"}], "type": "Mobile Device Type", "level": "2"}, {"name": ["Media Player", "Mobile Device Type"], "children": [{"name": ["registered", "registered"], "size": "4", "type": "registered", "level": "3"}], "type": "Mobile Device Type", "level": "2"}, {"name": ["Mobile Phone", "Mobile Device Type"], "children": [{"name": ["not registered", "registered"], "size": "4686", "type": "registered", "level": "3"}, {"name": ["registered", "registered"], "size": "19434", "type": "registered", "level": "3"}], "type": "Mobile Device Type", "level": "2"}, {"name": ["Other", "Mobile Device Type"], "children": [{"name": ["not registered", "registered"], "size": "3049", "type": "registered", "level": "3"}, {"name": ["registered", "registered"], "size": "20996", "type": "registered", "level": "3"}], "type": "Mobile Device Type", "level": "2"}, {"name": ["Set-top Box", "Mobile Device Type"], "children": [{"name": ["not registered", "registered"], "size": "1", "type": "registered", "level": "3"}], "type": "Mobile Device Type", "level": "2"}, {"name": ["Tablet", "Mobile Device Type"], "children": [{"name": ["not registered", "registered"], "size": "414", "type": "registered", "level": "3"}, {"name": ["registered", "registered"], "size": "3153", "type": "registered", "level": "3"}], "type": "Mobile Device Type", "level": "2"}, {"name": ["Television", "Mobile Device Type"], "children": [{"name": ["registered", "registered"], "size": "1", "type": "registered", "level": "3"}], "type": "Mobile Device Type", "level": "2"}], "type": "Product Reporting", "level": "1"}, {"name": ["AutoPurchase", "Product Reporting"], "children": [{"name": ["Gaming Console", "Mobile Device Type"], "children": [], "type": "Mobile Device Type", "level": "2"}, {"name": ["Media Player", "Mobile Device Type"], "children": [], "type": "Mobile Device Type", "level": "2"}, {"name": ["Mobile Phone", "Mobile Device Type"], "children": [], "type": "Mobile Device Type", "level": "2"}, {"name": ["Other", "Mobile Device Type"], "children": [{"name": ["registered", "registered"], "size": "10", "type": "registered", "level": "3"}], "type": "Mobile Device Type", "level": "2"}, {"name": ["Set-top Box", "Mobile Device Type"], "children": [], "type": "Mobile Device Type", "level": "2"}, {"name": ["Tablet", "Mobile Device Type"], "children": [{"name": ["registered", "registered"], "size": "1", "type": "registered", "level": "3"}], "type": "Mobile Device Type", "level": "2"}, {"name": ["Television", "Mobile Device Type"], "children": [], "type": "Mobile Device Type", "level": "2"}], "type": "Product Reporting", "level": "1"}, {"name": ["AutoRefinance", "Product Reporting"], "children": [{"name": ["Gaming Console", "Mobile Device Type"], "children": [], "type": "Mobile Device Type", "level": "2"}, {"name": ["Media Player", "Mobile Device Type"], "children": [], "type": "Mobile Device Type", "level": "2"}, {"name": ["Mobile Phone", "Mobile Device Type"], "children": [], "type": "Mobile Device Type", "level": "2"}, {"name": ["Other", "Mobile Device Type"], "children": [{"name": ["not registered", "registered"], "size": "1", "type": "registered", "level": "3"}, {"name": ["registered", "registered"], "size": "5", "type": "registered", "level": "3"}], "type": "Mobile Device Type", "level": "2"}, {"name": ["Set-top Box", "Mobile Device Type"], "children": [], "type": "Mobile Device Type", "level": "2"}, {"name": ["Tablet", "Mobile Device Type"], "children": [], "type": "Mobile Device Type", "level": "2"}, {"name": ["Television", "Mobile Device Type"], "children": [], "type": "Mobile Device Type", "level": "2"}], "type": "Product Reporting", "level": "1"}, {"name": ["Business Loans", "Product Reporting"], "children": [{"name": ["Gaming Console", "Mobile Device Type"], "children": [], "type": "Mobile Device Type", "level": "2"}, {"name": ["Media Player", "Mobile Device Type"], "children": [{"name": ["registered", "registered"], "size": "3", "type": "registered", "level": "3"}], "type": "Mobile Device Type", "level": "2"}, {"name": ["Mobile Phone", "Mobile Device Type"], "children": [{"name": ["not registered", "registered"], "size": "291", "type": "registered", "level": "3"}, {"name": ["registered", "registered"], "size": "5588", "type": "registered", "level": "3"}], "type": "Mobile Device Type", "level": "2"}, {"name": ["Other", "Mobile Device Type"], "children": [{"name": ["not registered", "registered"], "size": "199", "type": "registered", "level": "3"}, {"name": ["registered", "registered"], "size": "4050", "type": "registered", "level": "3"}], "type": "Mobile Device Type", "level": "2"}, {"name": ["Set-top Box", "Mobile Device Type"], "children": [], "type": "Mobile Device Type", "level": "2"}, {"name": ["Tablet", "Mobile Device Type"], "children": [{"name": ["not registered", "registered"], "size": "23", "type": "registered", "level": "3"}, {"name": ["registered", "registered"], "size": "517", "type": "registered", "level": "3"}], "type": "Mobile Device Type", "level": "2"}, {"name": ["Television", "Mobile Device Type"], "children": [], "type": "Mobile Device Type", "level": "2"}], "type": "Product Reporting", "level": "1"}, {"name": ["CreditAnalyzer", "Product Reporting"], "children": [{"name": ["Gaming Console", "Mobile Device Type"], "children": [], "type": "Mobile Device Type", "level": "2"}, {"name": ["Media Player", "Mobile Device Type"], "children": [], "type": "Mobile Device Type", "level": "2"}, {"name": ["Mobile Phone", "Mobile Device Type"], "children": [{"name": ["not registered", "registered"], "size": "145", "type": "registered", "level": "3"}, {"name": ["registered", "registered"], "size": "20", "type": "registered", "level": "3"}], "type": "Mobile Device Type", "level": "2"}, {"name": ["Other", "Mobile Device Type"], "children": [{"name": ["not registered", "registered"], "size": "55", "type": "registered", "level": "3"}, {"name": ["registered", "registered"], "size": "8", "type": "registered", "level": "3"}], "type": "Mobile Device Type", "level": "2"}, {"name": ["Set-top Box", "Mobile Device Type"], "children": [], "type": "Mobile Device Type", "level": "2"}, {"name": ["Tablet", "Mobile Device Type"], "children": [{"name": ["not registered", "registered"], "size": "5", "type": "registered", "level": "3"}, {"name": ["registered", "registered"], "size": "4", "type": "registered", "level": "3"}], "type": "Mobile Device Type", "level": "2"}, {"name": ["Television", "Mobile Device Type"], "children": [], "type": "Mobile Device Type", "level": "2"}], "type": "Product Reporting", "level": "1"}, {"name": ["CreditCards", "Product Reporting"], "children": [{"name": ["Gaming Console", "Mobile Device Type"], "children": [], "type": "Mobile Device Type", "level": "2"}, {"name": ["Media Player", "Mobile Device Type"], "children": [], "type": "Mobile Device Type", "level": "2"}, {"name": ["Mobile Phone", "Mobile Device Type"], "children": [], "type": "Mobile Device Type", "level": "2"}, {"name": ["Other", "Mobile Device Type"], "children": [{"name": ["not registered", "registered"], "size": "2", "type": "registered", "level": "3"}, {"name": ["registered", "registered"], "size": "8", "type": "registered", "level": "3"}], "type": "Mobile Device Type", "level": "2"}, {"name": ["Set-top Box", "Mobile Device Type"], "children": [], "type": "Mobile Device Type", "level": "2"}, {"name": ["Tablet", "Mobile Device Type"], "children": [{"name": ["registered", "registered"], "size": "3", "type": "registered", "level": "3"}], "type": "Mobile Device Type", "level": "2"}, {"name": ["Television", "Mobile Device Type"], "children": [], "type": "Mobile Device Type", "level": "2"}], "type": "Product Reporting", "level": "1"}, {"name": ["Debt Relief", "Product Reporting"], "children": [{"name": ["Gaming Console", "Mobile Device Type"], "children": [], "type": "Mobile Device Type", "level": "2"}, {"name": ["Media Player", "Mobile Device Type"], "children": [{"name": ["registered", "registered"], "size": "2", "type": "registered", "level": "3"}], "type": "Mobile Device Type", "level": "2"}, {"name": ["Mobile Phone", "Mobile Device Type"], "children": [{"name": ["not registered", "registered"], "size": "431", "type": "registered", "level": "3"}, {"name": ["registered", "registered"], "size": "2166", "type": "registered", "level": "3"}], "type": "Mobile Device Type", "level": "2"}, {"name": ["Other", "Mobile Device Type"], "children": [{"name": ["not registered", "registered"], "size": "268", "type": "registered", "level": "3"}, {"name": ["registered", "registered"], "size": "1129", "type": "registered", "level": "3"}], "type": "Mobile Device Type", "level": "2"}, {"name": ["Set-top Box", "Mobile Device Type"], "children": [{"name": ["registered", "registered"], "size": "1", "type": "registered", "level": "3"}], "type": "Mobile Device Type", "level": "2"}, {"name": ["Tablet", "Mobile Device Type"], "children": [{"name": ["not registered", "registered"], "size": "31", "type": "registered", "level": "3"}, {"name": ["registered", "registered"], "size": "89", "type": "registered", "level": "3"}], "type": "Mobile Device Type", "level": "2"}, {"name": ["Television", "Mobile Device Type"], "children": [], "type": "Mobile Device Type", "level": "2"}], "type": "Product Reporting", "level": "1"}, {"name": ["Home Equity", "Product Reporting"], "children": [{"name": ["Gaming Console", "Mobile Device Type"], "children": [{"name": ["registered", "registered"], "size": "33", "type": "registered", "level": "3"}], "type": "Mobile Device Type", "level": "2"}, {"name": ["Media Player", "Mobile Device Type"], "children": [{"name": ["registered", "registered"], "size": "31", "type": "registered", "level": "3"}], "type": "Mobile Device Type", "level": "2"}, {"name": ["Mobile Phone", "Mobile Device Type"], "children": [{"name": ["not registered", "registered"], "size": "2728", "type": "registered", "level": "3"}, {"name": ["registered", "registered"], "size": "47862", "type": "registered", "level": "3"}], "type": "Mobile Device Type", "level": "2"}, {"name": ["Other", "Mobile Device Type"], "children": [{"name": ["not registered", "registered"], "size": "1903", "type": "registered", "level": "3"}, {"name": ["registered", "registered"], "size": "36892", "type": "registered", "level": "3"}], "type": "Mobile Device Type", "level": "2"}, {"name": ["Set-top Box", "Mobile Device Type"], "children": [{"name": ["registered", "registered"], "size": "5", "type": "registered", "level": "3"}], "type": "Mobile Device Type", "level": "2"}, {"name": ["Tablet", "Mobile Device Type"], "children": [{"name": ["not registered", "registered"], "size": "271", "type": "registered", "level": "3"}, {"name": ["registered", "registered"], "size": "11408", "type": "registered", "level": "3"}], "type": "Mobile Device Type", "level": "2"}, {"name": ["Television", "Mobile Device Type"], "children": [{"name": ["registered", "registered"], "size": "4", "type": "registered", "level": "3"}], "type": "Mobile Device Type", "level": "2"}], "type": "Product Reporting", "level": "1"}, {"name": ["Personal", "Product Reporting"], "children": [{"name": ["Gaming Console", "Mobile Device Type"], "children": [{"name": ["not registered", "registered"], "size": "3", "type": "registered", "level": "3"}, {"name": ["registered", "registered"], "size": "37", "type": "registered", "level": "3"}], "type": "Mobile Device Type", "level": "2"}, {"name": ["Media Player", "Mobile Device Type"], "children": [{"name": ["not registered", "registered"], "size": "6", "type": "registered", "level": "3"}, {"name": ["registered", "registered"], "size": "39", "type": "registered", "level": "3"}], "type": "Mobile Device Type", "level": "2"}, {"name": ["Mobile Phone", "Mobile Device Type"], "children": [{"name": ["not registered", "registered"], "size": "34341", "type": "registered", "level": "3"}, {"name": ["registered", "registered"], "size": "161693", "type": "registered", "level": "3"}], "type": "Mobile Device Type", "level": "2"}, {"name": ["Other", "Mobile Device Type"], "children": [{"name": ["not registered", "registered"], "size": "13161", "type": "registered", "level": "3"}, {"name": ["registered", "registered"], "size": "49855", "type": "registered", "level": "3"}], "type": "Mobile Device Type", "level": "2"}, {"name": ["Set-top Box", "Mobile Device Type"], "children": [{"name": ["registered", "registered"], "size": "5", "type": "registered", "level": "3"}], "type": "Mobile Device Type", "level": "2"}, {"name": ["Tablet", "Mobile Device Type"], "children": [{"name": ["not registered", "registered"], "size": "2212", "type": "registered", "level": "3"}, {"name": ["registered", "registered"], "size": "10002", "type": "registered", "level": "3"}], "type": "Mobile Device Type", "level": "2"}, {"name": ["Television", "Mobile Device Type"], "children": [{"name": ["not registered", "registered"], "size": "1", "type": "registered", "level": "3"}, {"name": ["registered", "registered"], "size": "7", "type": "registered", "level": "3"}], "type": "Mobile Device Type", "level": "2"}], "type": "Product Reporting", "level": "1"}, {"name": ["Prequalification", "Product Reporting"], "children": [{"name": ["Gaming Console", "Mobile Device Type"], "children": [], "type": "Mobile Device Type", "level": "2"}, {"name": ["Media Player", "Mobile Device Type"], "children": [], "type": "Mobile Device Type", "level": "2"}, {"name": ["Mobile Phone", "Mobile Device Type"], "children": [{"name": ["not registered", "registered"], "size": "11", "type": "registered", "level": "3"}, {"name": ["registered", "registered"], "size": "53", "type": "registered", "level": "3"}], "type": "Mobile Device Type", "level": "2"}, {"name": ["Other", "Mobile Device Type"], "children": [{"name": ["not registered", "registered"], "size": "11", "type": "registered", "level": "3"}, {"name": ["registered", "registered"], "size": "57", "type": "registered", "level": "3"}], "type": "Mobile Device Type", "level": "2"}, {"name": ["Set-top Box", "Mobile Device Type"], "children": [], "type": "Mobile Device Type", "level": "2"}, {"name": ["Tablet", "Mobile Device Type"], "children": [{"name": ["not registered", "registered"], "size": "1", "type": "registered", "level": "3"}, {"name": ["registered", "registered"], "size": "5", "type": "registered", "level": "3"}], "type": "Mobile Device Type", "level": "2"}, {"name": ["Television", "Mobile Device Type"], "children": [], "type": "Mobile Device Type", "level": "2"}], "type": "Product Reporting", "level": "1"}, {"name": ["Purchase", "Product Reporting"], "children": [{"name": ["Gaming Console", "Mobile Device Type"], "children": [{"name": ["not registered", "registered"], "size": "1", "type": "registered", "level": "3"}, {"name": ["registered", "registered"], "size": "28", "type": "registered", "level": "3"}], "type": "Mobile Device Type", "level": "2"}, {"name": ["Media Player", "Mobile Device Type"], "children": [{"name": ["not registered", "registered"], "size": "3", "type": "registered", "level": "3"}, {"name": ["registered", "registered"], "size": "62", "type": "registered", "level": "3"}], "type": "Mobile Device Type", "level": "2"}, {"name": ["Mobile Phone", "Mobile Device Type"], "children": [{"name": ["not registered", "registered"], "size": "7566", "type": "registered", "level": "3"}, {"name": ["registered", "registered"], "size": "92270", "type": "registered", "level": "3"}], "type": "Mobile Device Type", "level": "2"}, {"name": ["Other", "Mobile Device Type"], "children": [{"name": ["not registered", "registered"], "size": "5219", "type": "registered", "level": "3"}, {"name": ["registered", "registered"], "size": "70099", "type": "registered", "level": "3"}], "type": "Mobile Device Type", "level": "2"}, {"name": ["Set-top Box", "Mobile Device Type"], "children": [{"name": ["registered", "registered"], "size": "5", "type": "registered", "level": "3"}], "type": "Mobile Device Type", "level": "2"}, {"name": ["Tablet", "Mobile Device Type"], "children": [{"name": ["not registered", "registered"], "size": "786", "type": "registered", "level": "3"}, {"name": ["registered", "registered"], "size": "13870", "type": "registered", "level": "3"}], "type": "Mobile Device Type", "level": "2"}, {"name": ["Television", "Mobile Device Type"], "children": [{"name": ["registered", "registered"], "size": "8", "type": "registered", "level": "3"}], "type": "Mobile Device Type", "level": "2"}], "type": "Product Reporting", "level": "1"}, {"name": ["Refinance", "Product Reporting"], "children": [{"name": ["Gaming Console", "Mobile Device Type"], "children": [{"name": ["registered", "registered"], "size": "288", "type": "registered", "level": "3"}], "type": "Mobile Device Type", "level": "2"}, {"name": ["Media Player", "Mobile Device Type"], "children": [{"name": ["not registered", "registered"], "size": "5", "type": "registered", "level": "3"}, {"name": ["registered", "registered"], "size": "781", "type": "registered", "level": "3"}], "type": "Mobile Device Type", "level": "2"}, {"name": ["Mobile Phone", "Mobile Device Type"], "children": [{"name": ["not registered", "registered"], "size": "10505", "type": "registered", "level": "3"}, {"name": ["registered", "registered"], "size": "565624", "type": "registered", "level": "3"}], "type": "Mobile Device Type", "level": "2"}, {"name": ["Other", "Mobile Device Type"], "children": [{"name": ["not registered", "registered"], "size": "7460", "type": "registered", "level": "3"}, {"name": ["registered", "registered"], "size": "335104", "type": "registered", "level": "3"}], "type": "Mobile Device Type", "level": "2"}, {"name": ["Set-top Box", "Mobile Device Type"], "children": [{"name": ["registered", "registered"], "size": "23", "type": "registered", "level": "3"}], "type": "Mobile Device Type", "level": "2"}, {"name": ["Tablet", "Mobile Device Type"], "children": [{"name": ["not registered", "registered"], "size": "1299", "type": "registered", "level": "3"}, {"name": ["registered", "registered"], "size": "194049", "type": "registered", "level": "3"}], "type": "Mobile Device Type", "level": "2"}, {"name": ["Television", "Mobile Device Type"], "children": [{"name": ["registered", "registered"], "size": "67", "type": "registered", "level": "3"}], "type": "Mobile Device Type", "level": "2"}], "type": "Product Reporting", "level": "1"}, {"name": ["Reverse Mortgage", "Product Reporting"], "children": [{"name": ["Gaming Console", "Mobile Device Type"], "children": [{"name": ["registered", "registered"], "size": "6", "type": "registered", "level": "3"}], "type": "Mobile Device Type", "level": "2"}, {"name": ["Media Player", "Mobile Device Type"], "children": [{"name": ["registered", "registered"], "size": "13", "type": "registered", "level": "3"}], "type": "Mobile Device Type", "level": "2"}, {"name": ["Mobile Phone", "Mobile Device Type"], "children": [{"name": ["not registered", "registered"], "size": "280", "type": "registered", "level": "3"}, {"name": ["registered", "registered"], "size": "14552", "type": "registered", "level": "3"}], "type": "Mobile Device Type", "level": "2"}, {"name": ["Other", "Mobile Device Type"], "children": [{"name": ["not registered", "registered"], "size": "256", "type": "registered", "level": "3"}, {"name": ["registered", "registered"], "size": "8445", "type": "registered", "level": "3"}], "type": "Mobile Device Type", "level": "2"}, {"name": ["Set-top Box", "Mobile Device Type"], "children": [], "type": "Mobile Device Type", "level": "2"}, {"name": ["Tablet", "Mobile Device Type"], "children": [{"name": ["not registered", "registered"], "size": "57", "type": "registered", "level": "3"}, {"name": ["registered", "registered"], "size": "3944", "type": "registered", "level": "3"}], "type": "Mobile Device Type", "level": "2"}, {"name": ["Television", "Mobile Device Type"], "children": [{"name": ["registered", "registered"], "size": "1", "type": "registered", "level": "3"}], "type": "Mobile Device Type", "level": "2"}], "type": "Product Reporting", "level": "1"}, {"name": ["Student Loans", "Product Reporting"], "children": [{"name": ["Gaming Console", "Mobile Device Type"], "children": [], "type": "Mobile Device Type", "level": "2"}, {"name": ["Media Player", "Mobile Device Type"], "children": [], "type": "Mobile Device Type", "level": "2"}, {"name": ["Mobile Phone", "Mobile Device Type"], "children": [{"name": ["not registered", "registered"], "size": "3", "type": "registered", "level": "3"}], "type": "Mobile Device Type", "level": "2"}, {"name": ["Other", "Mobile Device Type"], "children": [{"name": ["not registered", "registered"], "size": "2", "type": "registered", "level": "3"}], "type": "Mobile Device Type", "level": "2"}, {"name": ["Set-top Box", "Mobile Device Type"], "children": [], "type": "Mobile Device Type", "level": "2"}, {"name": ["Tablet", "Mobile Device Type"], "children": [], "type": "Mobile Device Type", "level": "2"}, {"name": ["Television", "Mobile Device Type"], "children": [], "type": "Mobile Device Type", "level": "2"}], "type": "Product Reporting", "level": "1"}]}